<?xml version="1.0" encoding="UTF-8"?>
<project-private xmlns="http://www.netbeans.org/ns/project-private/1">
    <editor-bookmarks xmlns="http://www.netbeans.org/ns/editor-bookmarks/2" lastBookmarkId="0"/>
    <open-files xmlns="http://www.netbeans.org/ns/projectui-open-files/2">
        <group>
            <file>file:/D:/College/Academic/Semester%2003/Object%20Oriented%20Programming/OOP%20-%20Project/k1/src/mainpage/PatientPage.java</file>
            <file>file:/D:/College/Academic/Semester%2003/Object%20Oriented%20Programming/OOP%20-%20Project/k1/src/main/ConnectionDB.java</file>
            <file>file:/D:/College/Academic/Semester%2003/Object%20Oriented%20Programming/OOP%20-%20Project/k1/src/mainpage/MedicinePage.java</file>
            <file>file:/D:/College/Academic/Semester%2003/Object%20Oriented%20Programming/OOP%20-%20Project/k1/src/main/ClickNic.java</file>
            <file>file:/D:/College/Academic/Semester%2003/Object%20Oriented%20Programming/OOP%20-%20Project/k1/src/extendedpage/UpdateProfile.java</file>
            <file>file:/D:/College/Academic/Semester%2003/Object%20Oriented%20Programming/OOP%20-%20Project/k1/src/mainpage/Register.java</file>
        </group>
    </open-files>
</project-private>
